JOB CATEGORY,JOB TITLE,JOB TYPE,JOB LOCATION,EXPERIENCE REQUIRED,POSTING TIME
Facial recognition,Machine Learning Engineer,Full-time,Hyderabad,3 - 5 Years,2 months ago
Information Technology,Sr SDET,Full-time,New York,3 - 10 Years,2 months ago
Information Technology,OSS DevOps Engineer,Full-time,Hyderabad,6 - 12 Years,2 months ago
Information Technology,Site Reliability Engineer,Full-time,New York,1 - 3 Years,2 months ago
Information Technology,Lead DevOps Engineer,Full-time,Hyderabad,5 - 11 Years,2 months ago
Information Technology,Senior DevOps Engineer,Full-time,Hyderabad,3 - 10 Years,2 months ago
Information Technology,Junior Cloud Native Developer,Full-time,Delaware,1 - 2 Years,2 months ago
Information Technology,Engineering Lead,Full-time,Mauritius,7 - 18 Years,2 months ago
Information Technology,Blockchain Developer,Full-time,Hyderabad,1 - 4 Years,a month ago
Information Technology,Sr SAP PI/PO Developer,Contract,New Jersey,7 - 12 Years,a month ago
Information Technology,Sr Full Stack Developer,Full-time,Mauritius,3 - 8 Years,a month ago
Information Technology,Associate Cloud Engineer,Full-time,Hyderabad,0 - 3 Years,a month ago
Information Technology,Sr. Microservices Developer,Full-time,Hyderabad,4 - 9 Years,a month ago
Information Technology,Android Mobile Developer,Full-time,mauritius,3 - 8 Years,a month ago
Information Technology,Solution Architect,Full-time,Hyderabad,9 - 15 Years,21 days ago
Information Technology,Associate QA Engineer,Full-time,Hyderabad,1 - 3 Years,21 days ago
Information Technology,System Engineer,Internship,Mauritius,0 - 1 Years,20 days ago
Information Technology,Networking & Security Specialist,Full-time,Hyderabad,2 - 6 Years,20 days ago
Information Technology,Embedded Engineer,Full-time,Hyderabad,2 - 4 Years,15 days ago
Information Technology,Data Scientist Intern,Internship,Hyderabad,0 - 4 Years,14 days ago
Information Technology,Cloud Native Developer,Full-time,Hyderabad,2 - 5 Years,12 days ago
Consulting,Senior Cloud Specialist,Full-time,Singapore,5 - 10 Years,11 days ago
Engineering,Big Data Intern,Internship,Hyderabad,0 - 2 Years,7 days ago
